Workbook
Name aporte: 'FIIs - Análise Investimeno'!$F$18
Name perfil: 'FIIs - Análise Investimeno'!$F$20
Name prazo_anos: 'FIIs - Análise Investimeno'!$F$19
Name salario: 'FIIs - Análise Investimeno'!$F$15
Name tax_rendimento: 'FIIs - Análise Investimeno'!$F$16

Sheet FIIs - Análise Investimeno
D13: CONFIGURAÇÕES
D15: Sálario: | F15: 4200
D16: Rendimento mensal: | F16: 0.02
D17: Sugestão de Investimento mensal (30%): | F17: =F15*30% -> 1260
D18: Valor do Investimento mensal: | F18: 1000
D19: Prazo (anos): | F19: 5
D20: Perfil (Conservador, Moderado ou Agressivo): | F20: Agressivo
D22: Situação no prazo final
D24: Patrimônio acumulado: | F24: =FV(tax_rendimento,prazo_anos*12,aporte)*-1 -> 114051.54
D25: Dividendos Mensais: | F25: =F24*tax_rendimento -> 2281.0308
D28: Cenários | E28: Patrimonio acumulado | F28: Dividendos
A30: 2 | D30: Em 2 anos: | E30: =FV(tax_rendimento,A30*12,aporte)*-1 -> 30421.862 | F30: =E30*tax_rendimento -> 608.43725
A31: 5 | D31: Em 5 anos: | E31: =FV(tax_rendimento,A31*12,aporte)*-1 -> 114051.54 | F31: =E31*tax_rendimento -> 2281.0308
A32: 10 | D32: Em 10 anos: | E32: =FV(tax_rendimento,A32*12,aporte)*-1 -> 488258.15 | F32: =E32*tax_rendimento -> 9765.163
A33: 20 | D33: Em 20 anos: | E33: =FV(tax_rendimento,A33*12,aporte)*-1 -> 5744436.8 | F33: =E33*tax_rendimento -> 114888.74
A34: 30 | D34: Em 30 anos: | E34: =FV(tax_rendimento,A34*12,aporte)*-1 -> 62328056 | F34: =E34*tax_rendimento -> 1246561.1
D54: Perfil: | E54: Conservador
D55: Aporte mensal | E55: =aporte -> 1000
D56: TIPO DE FII | E56: Percentual sugerido | F56: Valor
D57: PAPEL | E57: =VLOOKUP(perfil&"-"&D57,Perfis!$A:$D,4,) -> 0.5 | F57: =$E$55*E57 -> 500
D58: TIJOLO | E58: =VLOOKUP(perfil&"-"&D58,Perfis!$A:$D,4,) -> 0.1 | F58: =$E$55*E58 -> 100
D59: HIBRIDOS | E59: =VLOOKUP(perfil&"-"&D59,Perfis!$A:$D,4,) -> 0.05 | F59: =$E$55*E59 -> 50
D60: FOFS | E60: =VLOOKUP(perfil&"-"&D60,Perfis!$A:$D,4,) -> 0.05 | F60: =$E$55*E60 -> 50
D61: DESENVOLVIMENTO | E61: =VLOOKUP(perfil&"-"&D61,Perfis!$A:$D,4,) -> 0.2 | F61: =$E$55*E61 -> 200
D62: HOTELARIA | E62: =VLOOKUP(perfil&"-"&D62,Perfis!$A:$D,4,) -> 0.1 | F62: =$E$55*E62 -> 100

Sheet Perfis
A3: CHAVE | B3: PERFIL | C3: TIPO | D3: PERCENTUAL
A4: =B4&"-"&C4 -> Conservador-PAPEL | B4: Conservador | C4: PAPEL | D4: 0.3
A5: =B5&"-"&C5 -> Conservador-TIJOLO | B5: Conservador | C5: TIJOLO | D5: 0.5
A6: =B6&"-"&C6 -> Conservador-HIBRIDOS | B6: Conservador | C6: HIBRIDOS | D6: 0.1
A7: =B7&"-"&C7 -> Conservador-FOFS | B7: Conservador | C7: FOFS | D7: 0.1
A8: =B8&"-"&C8 -> Conservador-DESENVOLVIMENTO | B8: Conservador | C8: DESENVOLVIMENTO | D8: 0
A9: =B9&"-"&C9 -> Conservador-HOTELARIA | B9: Conservador | C9: HOTELARIA | D9: 0
A10: =B10&"-"&C10 -> Moderado-PAPEL | B10: Moderado | C10: PAPEL | D10: 0.32
A11: =B11&"-"&C11 -> Moderado-TIJOLO | B11: Moderado | C11: TIJOLO | D11: 0.4
A12: =B12&"-"&C12 -> Moderado-HÍBRIDOS | B12: Moderado | C12: HÍBRIDOS | D12: 0.08
A13: =B13&"-"&C13 -> Moderado-FOFS | B13: Moderado | C13: FOFS | D13: 0.1
A14: =B14&"-"&C14 -> Moderado-DESENVOLVIMENTO | B14: Moderado | C14: DESENVOLVIMENTO | D14: 0.05
A15: =B15&"-"&C15 -> Moderado-HOTELARIA | B15: Moderado | C15: HOTELARIA | D15: 0.05
... A21: =B21&"-"&C21 -> Agressivo-HOTELARIA | B21: Agressivo | C21: HOTELARIA | D21: 0.1
